"[-0.14000000000000001, -0.23599999999999999, 5747]","[-0.14000000000000001, -0.23599999999999999, 5764]","[-0.14000000000000001, -0.23599999999999999, 5781]","[-0.14399999999999999, -0.22799999999999998, 5798]","[-0.14399999999999999, -0.22799999999999998, 5814]","[-0.14799999999999999, -0.22799999999999998, 5831]","[-0.14799999999999999, -0.22399999999999998, 5847]","[-0.14799999999999999, -0.22399999999999998, 5864]","[-0.152, -0.21999999999999997, 5880]","[-0.156, -0.21599999999999997, 5898]","[-0.16, -0.20799999999999996, 5914]","[-0.16400000000000001, -0.19999999999999996, 5931]","[-0.16400000000000001, -0.18799999999999994, 5948]","[-0.16800000000000001, -0.17999999999999994, 5964]","[-0.16800000000000001, -0.17199999999999993, 5981]","[-0.17199999999999999, -0.15999999999999992, 5998]","[-0.17199999999999999, -0.14399999999999991, 6014]","[-0.17199999999999999, -0.1319999999999999, 6031]","[-0.17199999999999999, -0.12000000000000011, 6047]","[-0.17599999999999999, -0.1080000000000001, 6064]","[-0.17999999999999999, -0.096000000000000085, 6081]","[-0.17999999999999999, -0.084000000000000075, 6097]","[-0.17999999999999999, -0.072000000000000064, 6114]","[-0.17999999999999999, -0.060000000000000053, 6131]","[-0.17999999999999999, -0.048000000000000043, 6148]","[-0.17999999999999999, -0.036000000000000032, 6164]","[-0.17999999999999999, -0.032000000000000028, 6180]","[-0.17999999999999999, -0.024000000000000021, 6197]","[-0.17999999999999999, -0.0040000000000000036, 6214]","[-0.17999999999999999, 0.0080000000000000071, 6231]","[-0.17999999999999999, 0.016000000000000014, 6248]","[-0.17999999999999999, 0.024000000000000021, 6264]","[-0.17999999999999999, 0.036000000000000032, 6281]","[-0.17999999999999999, 0.044000000000000039, 6298]","[-0.17999999999999999, 0.05600000000000005, 6315]","[-0.17599999999999999, 0.063999999999999946, 6331]","[-0.17599999999999999, 0.075999999999999956, 6365]","[-0.17199999999999999, 0.091999999999999971, 6397]","[-0.16800000000000001, 0.11599999999999999, 6431]","[-0.16400000000000001, 0.128, 6464]","[-0.156, 0.14000000000000001, 6497]","[-0.14399999999999999, 0.15600000000000003, 6532]","[-0.13200000000000001, 0.17600000000000005, 6565]","[-0.11600000000000001, 0.19199999999999995, 6598]","[-0.10000000000000001, 0.20399999999999996, 6631]","[-0.087999999999999995, 0.21599999999999997, 6664]","[-0.075999999999999998, 0.22399999999999998, 6697]","[-0.056000000000000001, 0.23199999999999998, 6732]","[-0.032000000000000001, 0.23999999999999999, 6764]","[-0.016, 0.24399999999999999, 6797]","[-0.0040000000000000001, 0.24399999999999999, 6831]","[0.02, 0.23599999999999999, 6865]","[0.035999999999999997, 0.23199999999999998, 6898]","[0.056000000000000001, 0.22399999999999998, 6931]","[0.071999999999999995, 0.21199999999999997, 6965]","[0.084000000000000005, 0.19999999999999996, 6998]","[0.096000000000000002, 0.18799999999999994, 7031]","[0.108, 0.16800000000000004, 7064]","[0.112, 0.14800000000000002, 7097]","[0.124, 0.124, 7131]","[0.124, 0.099999999999999978, 7165]","[0.124, 0.075999999999999956, 7198]","[0.124, 0.044000000000000039, 7231]","[0.12, 0.020000000000000018, 7265]","[0.112, -0.0040000000000000036, 7298]","[0.104, -0.028000000000000025, 7331]","[0.096000000000000002, -0.048000000000000043, 7365]","[0.084000000000000005, -0.076000000000000068, 7397]","[0.071999999999999995, -0.10000000000000009, 7431]","[0.064000000000000001, -0.1080000000000001, 7465]","[0.056000000000000001, -0.12799999999999989, 7498]","[0.048000000000000001, -0.1399999999999999, 7531]","[0.048000000000000001, -0.1399999999999999, 7565]","[0.048000000000000001, -0.1399999999999999, 7598]","[0.048000000000000001, -0.1399999999999999, 7632]","[0.048000000000000001, -0.1399999999999999, 7665]","[0.048000000000000001, -0.1399999999999999, 7698]","[0.048000000000000001, -0.1399999999999999, 7732]","[0.048000000000000001, -0.1399999999999999, 7764]","[0.048000000000000001, -0.1399999999999999, 7798]","[0.043999999999999997, -0.1399999999999999, 7848]","[0.043999999999999997, -0.1399999999999999, 7881]","[0.043999999999999997, -0.1399999999999999, 7915]","[0.043999999999999997, -0.14399999999999991, 7948]","[0.043999999999999997, -0.14399999999999991, 7981]","[0.040000000000000001, -0.14399999999999991, 8015]","[0.040000000000000001, -0.1399999999999999, 8048]"
"[0.14000000000000001, 0.052000000000000046, 9249]","[0.13200000000000001, 0.052000000000000046, 9298]","[0.13200000000000001, 0.052000000000000046, 9314]","[0.13200000000000001, 0.052000000000000046, 9331]","[0.13200000000000001, 0.052000000000000046, 9348]","[0.13200000000000001, 0.052000000000000046, 9365]","[0.14000000000000001, 0.052000000000000046, 9382]","[0.14799999999999999, 0.052000000000000046, 9398]","[0.16, 0.052000000000000046, 9415]","[0.17199999999999999, 0.05600000000000005, 9432]","[0.17599999999999999, 0.05600000000000005, 9448]","[0.188, 0.05600000000000005, 9465]","[0.192, 0.05600000000000005, 9481]","[0.19600000000000001, 0.05600000000000005, 9498]","[0.19600000000000001, 0.05600000000000005, 9514]","[0.20000000000000001, 0.05600000000000005, 9532]","[0.20000000000000001, 0.05600000000000005, 9548]","[0.20000000000000001, 0.05600000000000005, 9565]","[0.20000000000000001, 0.05600000000000005, 9582]","[0.20000000000000001, 0.05600000000000005, 9598]","[0.20000000000000001, 0.052000000000000046, 9615]","[0.20000000000000001, 0.040000000000000036, 9631]","[0.20000000000000001, 0.028000000000000025, 9648]","[0.20000000000000001, 0.0080000000000000071, 9665]","[0.20000000000000001, -0.0040000000000000036, 9682]","[0.19600000000000001, -0.012000000000000011, 9698]","[0.19600000000000001, -0.024000000000000021, 9715]","[0.19600000000000001, -0.032000000000000028, 9748]","[0.19600000000000001, -0.040000000000000036, 9781]","[0.192, -0.040000000000000036, 9815]","[0.192, -0.040000000000000036, 9831]","[0.192, -0.040000000000000036, 9849]","[0.192, -0.040000000000000036, 9865]","[0.192, -0.040000000000000036, 9882]","[0.192, -0.040000000000000036, 9915]","[0.192, -0.040000000000000036, 9949]","[0.192, -0.040000000000000036, 9982]","[0.192, -0.040000000000000036, 10015]","[0.192, -0.040000000000000036, 10048]","[0.188, -0.040000000000000036, 10081]","[0.17599999999999999, -0.044000000000000039, 10115]","[0.16800000000000001, -0.048000000000000043, 10148]","[0.152, -0.048000000000000043, 10181]","[0.152, -0.048000000000000043, 10215]","[0.152, -0.048000000000000043, 10249]","[0.14399999999999999, -0.052000000000000046, 10282]","[0.14399999999999999, -0.052000000000000046, 10315]","[0.14399999999999999, -0.052000000000000046, 10349]","[0.14399999999999999, -0.052000000000000046, 10381]","[0.14399999999999999, -0.052000000000000046, 10415]","[0.14399999999999999, -0.052000000000000046, 10448]","[0.14799999999999999, -0.044000000000000039, 10482]"
"[0.14000000000000001, -0.05600000000000005, 10981]","[0.14000000000000001, -0.05600000000000005, 11033]","[0.14000000000000001, -0.05600000000000005, 11049]","[0.14000000000000001, -0.05600000000000005, 11065]","[0.14000000000000001, -0.05600000000000005, 11081]","[0.14000000000000001, -0.05600000000000005, 11098]","[0.14000000000000001, -0.05600000000000005, 11115]","[0.14000000000000001, -0.05600000000000005, 11131]","[0.14000000000000001, -0.05600000000000005, 11149]","[0.14000000000000001, -0.05600000000000005, 11165]","[0.14000000000000001, -0.05600000000000005, 11182]","[0.14000000000000001, -0.05600000000000005, 11198]","[0.14000000000000001, -0.05600000000000005, 11215]","[0.14000000000000001, -0.05600000000000005, 11232]","[0.14000000000000001, -0.05600000000000005, 11248]","[0.14000000000000001, -0.05600000000000005, 11266]","[0.14000000000000001, -0.05600000000000005, 11282]","[0.14000000000000001, -0.05600000000000005, 11298]","[0.14000000000000001, -0.048000000000000043, 11315]","[0.14000000000000001, -0.048000000000000043, 11332]","[0.14000000000000001, -0.048000000000000043, 11365]","[0.13600000000000001, -0.060000000000000053, 11399]","[0.13200000000000001, -0.072000000000000064, 11431]","[0.124, -0.10000000000000009, 11465]","[0.11600000000000001, -0.12000000000000011, 11482]","[0.11600000000000001, -0.12000000000000011, 11499]","[0.112, -0.12400000000000011, 11515]","[0.112, -0.12799999999999989, 11532]","[0.108, -0.1319999999999999, 11566]","[0.104, -0.14399999999999991, 11598]","[0.10000000000000001, -0.15199999999999991, 11632]","[0.096000000000000002, -0.16399999999999992, 11665]","[0.091999999999999998, -0.17199999999999993, 11699]","[0.087999999999999995, -0.17999999999999994, 11731]","[0.087999999999999995, -0.18399999999999994, 11765]","[0.084000000000000005, -0.19599999999999995, 11799]","[0.080000000000000002, -0.21199999999999997, 11832]","[0.075999999999999998, -0.22399999999999998, 11866]","[0.071999999999999995, -0.22799999999999998, 11899]","[0.071999999999999995, -0.23599999999999999, 11932]","[0.068000000000000005, -0.24399999999999999, 11965]","[0.068000000000000005, -0.24399999999999999, 11999]","[0.068000000000000005, -0.24399999999999999, 12031]","[0.068000000000000005, -0.24399999999999999, 12065]","[0.068000000000000005, -0.24399999999999999, 12098]","[0.059999999999999998, -0.25600000000000001, 12132]","[0.056000000000000001, -0.26400000000000001, 12165]","[0.056000000000000001, -0.26400000000000001, 12199]","[0.056000000000000001, -0.26400000000000001, 12232]","[0.056000000000000001, -0.26000000000000001, 12265]","[0.056000000000000001, -0.248, 12299]","[0.056000000000000001, -0.23199999999999998, 12332]","[0.056000000000000001, -0.21199999999999997, 12365]","[0.056000000000000001, -0.19199999999999995, 12399]","[0.056000000000000001, -0.18399999999999994, 12432]","[0.056000000000000001, -0.17199999999999993, 12465]","[0.051999999999999998, -0.16799999999999993, 12499]","[0.051999999999999998, -0.15999999999999992, 12532]","[0.051999999999999998, -0.15599999999999992, 12565]","[0.051999999999999998, -0.15599999999999992, 12599]","[0.051999999999999998, -0.15199999999999991, 12633]","[0.051999999999999998, -0.14399999999999991, 12666]","[0.051999999999999998, -0.14399999999999991, 12699]","[0.048000000000000001, -0.15199999999999991, 12732]","[0.048000000000000001, -0.15199999999999991, 12766]"
"[0.091999999999999998, -0.1080000000000001, 12999]","[0.10000000000000001, -0.10000000000000009, 13065]","[0.091999999999999998, -0.1399999999999999, 13082]","[0.080000000000000002, -0.16799999999999993, 13099]","[0.075999999999999998, -0.18799999999999994, 13115]","[0.075999999999999998, -0.18799999999999994, 13131]","[0.075999999999999998, -0.18799999999999994, 13148]","[0.075999999999999998, -0.17199999999999993, 13164]","[0.087999999999999995, -0.14399999999999991, 13182]","[0.112, -0.096000000000000085, 13198]","[0.12, -0.076000000000000068, 13214]","[0.124, -0.064000000000000057, 13231]","[0.124, -0.064000000000000057, 13248]","[0.124, -0.072000000000000064, 13264]","[0.11600000000000001, -0.096000000000000085, 13282]","[0.104, -0.12400000000000011, 13298]","[0.10000000000000001, -0.14799999999999991, 13313]","[0.096000000000000002, -0.15999999999999992, 13331]","[0.096000000000000002, -0.15999999999999992, 13347]","[0.096000000000000002, -0.15999999999999992, 13364]","[0.096000000000000002, -0.1399999999999999, 13381]","[0.104, -0.10400000000000009, 13397]","[0.124, -0.052000000000000046, 13414]","[0.124, -0.036000000000000032, 13430]","[0.124, -0.036000000000000032, 13447]","[0.124, -0.036000000000000032, 13463]","[0.12, -0.040000000000000036, 13481]","[0.11600000000000001, -0.044000000000000039, 13496]","[0.112, -0.048000000000000043, 13513]","[0.108, -0.060000000000000053, 13529]","[0.108, -0.06800000000000006, 13547]","[0.104, -0.072000000000000064, 13563]","[0.104, -0.072000000000000064, 13580]","[0.104, -0.060000000000000053, 13613]","[0.128, -0.016000000000000014, 13647]","[0.14799999999999999, 0.028000000000000025, 13680]","[0.14000000000000001, 0.0040000000000000036, 13713]","[0.11600000000000001, -0.052000000000000046, 13746]","[0.112, -0.06800000000000006, 13779]","[0.124, -0.032000000000000028, 13813]"
"[0.14799999999999999, 0.024000000000000021, 13879]","[0.128, -0.032000000000000028, 13945]","[0.128, -0.036000000000000032, 13962]","[0.13200000000000001, -0.024000000000000021, 13978]","[0.13600000000000001, -0.012000000000000011, 13995]","[0.14399999999999999, 0.0, 14012]","[0.14799999999999999, 0.0080000000000000071, 14028]","[0.152, 0.012000000000000011, 14044]","[0.152, 0.012000000000000011, 14062]","[0.152, 0.012000000000000011, 14078]","[0.152, 0.012000000000000011, 14095]","[0.152, 0.0040000000000000036, 14112]","[0.152, 0.0, 14128]","[0.156, -0.0040000000000000036, 14145]","[0.16400000000000001, -0.0040000000000000036, 14161]","[0.16800000000000001, 0.0040000000000000036, 14178]"
"[0.14799999999999999, 0.024000000000000021, 14229]","[0.14799999999999999, 0.024000000000000021, 14295]","[0.14799999999999999, 0.024000000000000021, 14312]","[0.14799999999999999, 0.024000000000000021, 14328]","[0.14799999999999999, 0.024000000000000021, 14345]","[0.14799999999999999, 0.024000000000000021, 14362]","[0.14799999999999999, 0.024000000000000021, 14378]","[0.184, 0.040000000000000036, 14395]","[0.184, 0.040000000000000036, 14412]","[0.184, 0.032000000000000028, 14429]","[0.17999999999999999, 0.020000000000000018, 14446]","[0.17999999999999999, 0.0080000000000000071, 14461]","[0.17999999999999999, 0.0, 14479]","[0.17599999999999999, -0.016000000000000014, 14495]","[0.17599999999999999, -0.028000000000000025, 14512]","[0.17599999999999999, -0.032000000000000028, 14529]","[0.17599999999999999, -0.020000000000000018, 14545]","[0.184, 0.0, 14562]","[0.188, 0.024000000000000021, 14578]","[0.192, 0.036000000000000032, 14595]","[0.192, 0.040000000000000036, 14612]","[0.192, 0.040000000000000036, 14629]","[0.188, 0.028000000000000025, 14662]","[0.17999999999999999, 0.0, 14679]","[0.17999999999999999, -0.0040000000000000036, 14712]","[0.17999999999999999, -0.0080000000000000071, 14728]","[0.17999999999999999, -0.0080000000000000071, 14745]","[0.17999999999999999, -0.0080000000000000071, 14762]","[0.17999999999999999, -0.0080000000000000071, 14778]","[0.17999999999999999, -0.0080000000000000071, 14795]","[0.17999999999999999, -0.0080000000000000071, 14812]","[0.17999999999999999, -0.0080000000000000071, 14829]","[0.17999999999999999, -0.012000000000000011, 14845]","[0.17999999999999999, -0.012000000000000011, 14862]","[0.17999999999999999, -0.016000000000000014, 14879]","[0.17999999999999999, -0.016000000000000014, 14912]","[0.17999999999999999, -0.020000000000000018, 14945]","[0.16800000000000001, -0.036000000000000032, 14979]","[0.156, -0.05600000000000005, 15012]","[0.156, -0.052000000000000046, 15045]","[0.156, -0.036000000000000032, 15078]","[0.156, -0.016000000000000014, 15112]","[0.156, -0.012000000000000011, 15145]","[0.14399999999999999, -0.044000000000000039, 15179]","[0.13600000000000001, -0.05600000000000005, 15212]","[0.14000000000000001, -0.048000000000000043, 15246]","[0.152, -0.028000000000000025, 15279]","[0.16, -0.016000000000000014, 15313]","[0.14799999999999999, -0.036000000000000032, 15346]","[0.128, -0.084000000000000075, 15378]","[0.128, -0.088000000000000078, 15412]","[0.128, -0.080000000000000071, 15446]","[0.13600000000000001, -0.052000000000000046, 15479]","[0.13600000000000001, -0.06800000000000006, 15512]","[0.104, -0.1399999999999999, 15545]","[0.10000000000000001, -0.16399999999999992, 15579]","[0.10000000000000001, -0.16799999999999993, 15612]","[0.10000000000000001, -0.15199999999999991, 15646]","[0.108, -0.12000000000000011, 15679]","[0.108, -0.1080000000000001, 15712]","[0.108, -0.1080000000000001, 15745]","[0.096000000000000002, -0.1319999999999999, 15779]","[0.084000000000000005, -0.16399999999999992, 15812]","[0.080000000000000002, -0.17599999999999993, 15845]","[0.080000000000000002, -0.16799999999999993, 15879]","[0.087999999999999995, -0.12799999999999989, 15912]","[0.087999999999999995, -0.1319999999999999, 15946]","[0.068000000000000005, -0.17199999999999993, 15979]","[0.068000000000000005, -0.17199999999999993, 16011]","[0.087999999999999995, -0.1359999999999999, 16045]","[0.087999999999999995, -0.12799999999999989, 16079]","[0.080000000000000002, -0.15199999999999991, 16112]","[0.075999999999999998, -0.15599999999999992, 16145]","[0.075999999999999998, -0.14799999999999991, 16179]","[0.075999999999999998, -0.14399999999999991, 16212]","[0.075999999999999998, -0.15199999999999991, 16245]","[0.075999999999999998, -0.15199999999999991, 16279]","[0.075999999999999998, -0.15199999999999991, 16312]","[0.075999999999999998, -0.15199999999999991, 16345]","[0.075999999999999998, -0.15199999999999991, 16379]"
"[-0.184, -0.1399999999999999, 17879]","[-0.184, -0.1399999999999999, 17963]","[-0.184, -0.1399999999999999, 17979]","[-0.184, -0.1399999999999999, 17996]","[-0.184, -0.1399999999999999, 18013]","[-0.184, -0.14399999999999991, 18029]","[-0.184, -0.14799999999999991, 18045]","[-0.184, -0.14799999999999991, 18063]","[-0.184, -0.15199999999999991, 18080]","[-0.17999999999999999, -0.15599999999999992, 18096]","[-0.17999999999999999, -0.15999999999999992, 18112]","[-0.17999999999999999, -0.16399999999999992, 18129]","[-0.17999999999999999, -0.16799999999999993, 18146]","[-0.17999999999999999, -0.17199999999999993, 18163]","[-0.17999999999999999, -0.17199999999999993, 18179]","[-0.17999999999999999, -0.17599999999999993, 18196]","[-0.17999999999999999, -0.17999999999999994, 18229]","[-0.17999999999999999, -0.18399999999999994, 18246]","[-0.17999999999999999, -0.18799999999999994, 18262]","[-0.17599999999999999, -0.19199999999999995, 18280]","[-0.17599999999999999, -0.19599999999999995, 18296]","[-0.17599999999999999, -0.19999999999999996, 18312]","[-0.17599999999999999, -0.20399999999999996, 18329]","[-0.17599999999999999, -0.20799999999999996, 18346]","[-0.17599999999999999, -0.21199999999999997, 18363]","[-0.17599999999999999, -0.21199999999999997, 18379]","[-0.17599999999999999, -0.21599999999999997, 18396]","[-0.17599999999999999, -0.21999999999999997, 18412]","[-0.17999999999999999, -0.21999999999999997, 18446]","[-0.17999999999999999, -0.22799999999999998, 18479]","[-0.17999999999999999, -0.23199999999999998, 18513]","[-0.184, -0.23199999999999998, 18529]","[-0.184, -0.23599999999999999, 18546]","[-0.188, -0.23999999999999999, 18579]","[-0.192, -0.24399999999999999, 18613]","[-0.19600000000000001, -0.248, 18646]","[-0.20000000000000001, -0.252, 18679]","[-0.20399999999999999, -0.252, 18712]","[-0.20799999999999999, -0.252, 18746]","[-0.21199999999999999, -0.252, 18779]","[-0.216, -0.25600000000000001, 18813]","[-0.216, -0.25600000000000001, 18846]","[-0.22800000000000001, -0.25600000000000001, 18879]","[-0.23200000000000001, -0.252, 18912]","[-0.23599999999999999, -0.248, 18946]","[-0.23999999999999999, -0.248, 18979]","[-0.23999999999999999, -0.248, 19012]","[-0.24399999999999999, -0.24399999999999999, 19046]","[-0.248, -0.24399999999999999, 19079]","[-0.248, -0.23999999999999999, 19112]","[-0.252, -0.23999999999999999, 19145]","[-0.252, -0.23999999999999999, 19179]","[-0.252, -0.23999999999999999, 19213]","[-0.252, -0.23999999999999999, 19245]","[-0.252, -0.23999999999999999, 19279]","[-0.252, -0.23999999999999999, 19313]","[-0.252, -0.23999999999999999, 19346]","[-0.252, -0.23999999999999999, 19380]","[-0.252, -0.23999999999999999, 19412]","[-0.252, -0.23999999999999999, 19446]","[-0.248, -0.248, 19479]","[-0.23999999999999999, -0.25600000000000001, 19513]","[-0.23999999999999999, -0.26000000000000001, 19546]","[-0.23200000000000001, -0.26400000000000001, 19579]","[-0.22800000000000001, -0.26800000000000002, 19613]","[-0.224, -0.27200000000000002, 19646]","[-0.216, -0.27600000000000002, 19679]","[-0.20799999999999999, -0.27600000000000002, 19713]","[-0.20399999999999999, -0.28000000000000003, 19745]","[-0.19600000000000001, -0.28000000000000003, 19779]","[-0.192, -0.28000000000000003, 19813]","[-0.184, -0.28400000000000003, 19845]","[-0.17999999999999999, -0.28400000000000003, 19879]","[-0.17199999999999999, -0.28400000000000003, 19913]","[-0.16800000000000001, -0.28400000000000003, 19946]","[-0.16800000000000001, -0.28400000000000003, 19980]","[-0.156, -0.28400000000000003, 20013]","[-0.14399999999999999, -0.28000000000000003, 20045]","[-0.14000000000000001, -0.27600000000000002, 20079]","[-0.13600000000000001, -0.26800000000000002, 20113]","[-0.13200000000000001, -0.23199999999999998, 20212]","[-0.14000000000000001, -0.22799999999999998, 20246]","[-0.14799999999999999, -0.22399999999999998, 20280]","[-0.152, -0.21999999999999997, 20313]","[-0.16400000000000001, -0.21999999999999997, 20346]","[-0.16800000000000001, -0.21999999999999997, 20380]","[-0.17199999999999999, -0.21999999999999997, 20413]","[-0.17199999999999999, -0.23599999999999999, 20446]","[-0.16800000000000001, -0.248, 20480]","[-0.16800000000000001, -0.252, 20513]","[-0.16800000000000001, -0.252, 20546]","[-0.16, -0.23999999999999999, 20580]","[-0.156, -0.23599999999999999, 20613]","[-0.16400000000000001, -0.248, 20647]","[-0.16400000000000001, -0.252, 20680]","[-0.16400000000000001, -0.252, 20713]","[-0.16400000000000001, -0.26000000000000001, 20746]","[-0.16, -0.25600000000000001, 20780]","[-0.156, -0.23999999999999999, 20813]","[-0.16, -0.23999999999999999, 20846]","[-0.16400000000000001, -0.252, 20880]","[-0.16, -0.252, 20913]","[-0.152, -0.23199999999999998, 20947]","[-0.152, -0.21199999999999997, 20980]","[-0.152, -0.19999999999999996, 21013]","[-0.152, -0.19999999999999996, 21046]","[-0.156, -0.19599999999999995, 21080]","[-0.16, -0.18799999999999994, 21112]","[-0.16, -0.18799999999999994, 21146]","[-0.16400000000000001, -0.18399999999999994, 21180]","[-0.16400000000000001, -0.17999999999999994, 21213]","[-0.16400000000000001, -0.17999999999999994, 21247]","[-0.16800000000000001, -0.17999999999999994, 21279]","[-0.16800000000000001, -0.17999999999999994, 21313]"
"[-0.14399999999999999, -0.21599999999999997, 26593]","[-0.156, -0.20399999999999996, 26693]","[-0.156, -0.19999999999999996, 26709]","[-0.156, -0.19599999999999995, 26726]","[-0.156, -0.18799999999999994, 26744]","[-0.16, -0.17199999999999993, 26760]","[-0.16, -0.16399999999999992, 26776]","[-0.16, -0.15999999999999992, 26793]","[-0.16400000000000001, -0.15599999999999992, 26810]","[-0.16400000000000001, -0.14399999999999991, 26827]","[-0.16400000000000001, -0.1399999999999999, 26843]","[-0.16400000000000001, -0.1319999999999999, 26859]","[-0.16400000000000001, -0.12799999999999989, 26876]","[-0.16400000000000001, -0.12000000000000011, 26893]","[-0.16400000000000001, -0.1160000000000001, 26910]","[-0.16400000000000001, -0.1120000000000001, 26926]","[-0.16400000000000001, -0.10400000000000009, 26944]","[-0.16400000000000001, -0.10000000000000009, 26960]","[-0.16400000000000001, -0.096000000000000085, 26976]","[-0.16400000000000001, -0.092000000000000082, 26993]","[-0.16400000000000001, -0.092000000000000082, 27010]","[-0.16400000000000001, -0.092000000000000082, 27027]","[-0.16400000000000001, -0.092000000000000082, 27043]","[-0.16400000000000001, -0.092000000000000082, 27077]","[-0.16400000000000001, -0.092000000000000082, 27110]","[-0.16800000000000001, -0.1120000000000001, 27127]","[-0.16800000000000001, -0.12400000000000011, 27160]","[-0.16800000000000001, -0.15199999999999991, 27193]","[-0.16800000000000001, -0.16399999999999992, 27227]","[-0.16800000000000001, -0.17199999999999993, 27259]","[-0.16800000000000001, -0.17999999999999994, 27277]","[-0.16800000000000001, -0.17999999999999994, 27294]","[-0.16800000000000001, -0.18399999999999994, 27311]","[-0.16800000000000001, -0.18799999999999994, 27327]","[-0.16800000000000001, -0.18799999999999994, 27344]","[-0.16400000000000001, -0.19199999999999995, 27377]","[-0.16400000000000001, -0.19599999999999995, 27410]","[-0.16400000000000001, -0.19599999999999995, 27443]","[-0.16400000000000001, -0.19599999999999995, 27477]","[-0.16400000000000001, -0.18799999999999994, 27510]","[-0.16800000000000001, -0.17199999999999993, 27543]","[-0.17199999999999999, -0.15999999999999992, 27576]","[-0.17599999999999999, -0.15199999999999991, 27610]","[-0.17599999999999999, -0.1399999999999999, 27643]","[-0.17599999999999999, -0.12799999999999989, 27677]","[-0.17599999999999999, -0.1160000000000001, 27710]","[-0.17599999999999999, -0.1080000000000001, 27744]","[-0.17599999999999999, -0.096000000000000085, 27777]","[-0.17599999999999999, -0.080000000000000071, 27810]","[-0.17599999999999999, -0.072000000000000064, 27843]","[-0.17599999999999999, -0.072000000000000064, 27876]","[-0.17599999999999999, -0.072000000000000064, 27910]","[-0.17599999999999999, -0.072000000000000064, 27943]","[-0.17599999999999999, -0.080000000000000071, 27977]","[-0.17999999999999999, -0.1160000000000001, 28009]","[-0.17999999999999999, -0.14399999999999991, 28044]","[-0.17999999999999999, -0.15999999999999992, 28077]","[-0.17999999999999999, -0.17999999999999994, 28110]","[-0.17999999999999999, -0.18799999999999994, 28144]","[-0.17999999999999999, -0.18799999999999994, 28177]","[-0.17999999999999999, -0.18799999999999994, 28210]","[-0.17999999999999999, -0.18799999999999994, 28244]","[-0.17999999999999999, -0.18799999999999994, 28277]","[-0.17999999999999999, -0.18399999999999994, 28310]","[-0.17999999999999999, -0.15999999999999992, 28344]","[-0.17999999999999999, -0.14399999999999991, 28377]","[-0.17999999999999999, -0.12799999999999989, 28411]","[-0.17599999999999999, -0.1080000000000001, 28444]","[-0.17599999999999999, -0.10400000000000009, 28478]","[-0.17599999999999999, -0.096000000000000085, 28510]","[-0.17599999999999999, -0.084000000000000075, 28543]","[-0.17599999999999999, -0.076000000000000068, 28577]","[-0.17599999999999999, -0.06800000000000006, 28610]","[-0.17599999999999999, -0.060000000000000053, 28643]","[-0.17599999999999999, -0.05600000000000005, 28677]","[-0.17599999999999999, -0.048000000000000043, 28710]","[-0.17599999999999999, -0.044000000000000039, 28744]","[-0.17599999999999999, -0.044000000000000039, 28777]","[-0.17599999999999999, -0.044000000000000039, 28810]","[-0.17599999999999999, -0.044000000000000039, 28844]","[-0.16800000000000001, -0.1120000000000001, 28961]","[-0.16800000000000001, -0.12400000000000011, 28994]","[-0.16800000000000001, -0.1359999999999999, 29027]","[-0.16400000000000001, -0.1399999999999999, 29061]","[-0.16400000000000001, -0.14399999999999991, 29094]","[-0.16400000000000001, -0.15199999999999991, 29127]","[-0.16, -0.15599999999999992, 29161]","[-0.156, -0.16399999999999992, 29193]","[-0.152, -0.17199999999999993, 29227]","[-0.14799999999999999, -0.18399999999999994, 29260]","[-0.14399999999999999, -0.19199999999999995, 29294]","[-0.14399999999999999, -0.19599999999999995, 29327]","[-0.14399999999999999, -0.20399999999999996, 29361]","[-0.14000000000000001, -0.20399999999999996, 29393]","[-0.14000000000000001, -0.20399999999999996, 29427]","[-0.14000000000000001, -0.20799999999999996, 29461]","[-0.14000000000000001, -0.20799999999999996, 29494]","[-0.14000000000000001, -0.20799999999999996, 29528]","[-0.14000000000000001, -0.20399999999999996, 29561]","[-0.14399999999999999, -0.19999999999999996, 29594]","[-0.14799999999999999, -0.19599999999999995, 29627]","[-0.152, -0.18799999999999994, 29661]","[-0.156, -0.18799999999999994, 29694]","[-0.156, -0.17999999999999994, 29727]","[-0.16, -0.17199999999999993, 29761]","[-0.16, -0.15199999999999991, 29794]","[-0.16400000000000001, -0.1359999999999999, 29827]","[-0.16400000000000001, -0.12400000000000011, 29861]","[-0.16400000000000001, -0.1080000000000001, 29894]","[-0.16400000000000001, -0.092000000000000082, 29927]","[-0.16400000000000001, -0.080000000000000071, 29961]","[-0.16400000000000001, -0.076000000000000068, 29993]","[-0.16400000000000001, -0.076000000000000068, 30027]","[-0.16400000000000001, -0.06800000000000006, 30061]","[-0.16400000000000001, -0.06800000000000006, 30094]","[-0.16400000000000001, -0.06800000000000006, 30127]","[-0.16400000000000001, -0.06800000000000006, 30161]","[-0.16400000000000001, -0.072000000000000064, 30194]","[-0.16400000000000001, -0.096000000000000085, 30227]","[-0.16800000000000001, -0.1120000000000001, 30261]","[-0.16800000000000001, -0.12400000000000011, 30294]","[-0.16800000000000001, -0.14399999999999991, 30327]","[-0.16800000000000001, -0.15599999999999992, 30361]","[-0.16800000000000001, -0.17199999999999993, 30394]","[-0.16800000000000001, -0.18399999999999994, 30427]","[-0.16800000000000001, -0.19199999999999995, 30461]","[-0.16400000000000001, -0.20399999999999996, 30494]","[-0.16400000000000001, -0.20799999999999996, 30528]","[-0.16, -0.20799999999999996, 30561]","[-0.16, -0.20799999999999996, 30594]","[-0.156, -0.21199999999999997, 30627]","[-0.156, -0.22399999999999998, 30661]","[-0.156, -0.23199999999999998, 30694]","[-0.156, -0.23599999999999999, 30727]","[-0.156, -0.23999999999999999, 30761]","[-0.156, -0.24399999999999999, 30794]","[-0.16, -0.248, 30827]","[-0.16, -0.252, 30861]","[-0.16400000000000001, -0.25600000000000001, 30893]","[-0.16400000000000001, -0.25600000000000001, 30927]","[-0.17599999999999999, -0.26800000000000002, 30960]","[-0.17599999999999999, -0.27200000000000002, 30994]","[-0.184, -0.26800000000000002, 31027]","[-0.188, -0.26400000000000001, 31061]","[-0.188, -0.26400000000000001, 31094]","[-0.192, -0.26400000000000001, 31128]","[-0.20000000000000001, -0.26400000000000001, 31161]","[-0.20000000000000001, -0.26400000000000001, 31194]","[-0.192, -0.26400000000000001, 31227]","[-0.16800000000000001, -0.26400000000000001, 31261]","[-0.16, -0.26400000000000001, 31294]","[-0.156, -0.26800000000000002, 31327]","[-0.14399999999999999, -0.25600000000000001, 31361]","[-0.14399999999999999, -0.25600000000000001, 31394]"
"[-0.156, 0.124, 32861]","[-0.17199999999999999, 0.087999999999999967, 32978]","[-0.17199999999999999, 0.083999999999999964, 32995]","[-0.17199999999999999, 0.07999999999999996, 33010]","[-0.17599999999999999, 0.075999999999999956, 33028]","[-0.17599999999999999, 0.063999999999999946, 33045]","[-0.17999999999999999, 0.060000000000000053, 33061]","[-0.17999999999999999, 0.05600000000000005, 33077]","[-0.17999999999999999, 0.048000000000000043, 33094]","[-0.17999999999999999, 0.044000000000000039, 33110]","[-0.184, 0.040000000000000036, 33128]","[-0.188, 0.032000000000000028, 33144]","[-0.188, 0.028000000000000025, 33160]","[-0.188, 0.020000000000000018, 33177]","[-0.188, 0.016000000000000014, 33194]","[-0.192, 0.012000000000000011, 33210]","[-0.192, 0.0080000000000000071, 33226]","[-0.192, 0.0040000000000000036, 33243]","[-0.192, -0.0040000000000000036, 33260]","[-0.192, -0.0080000000000000071, 33277]","[-0.192, -0.0080000000000000071, 33310]","[-0.19600000000000001, -0.016000000000000014, 33343]","[-0.19600000000000001, -0.032000000000000028, 33376]","[-0.20000000000000001, -0.036000000000000032, 33410]","[-0.20000000000000001, -0.040000000000000036, 33443]","[-0.20000000000000001, -0.044000000000000039, 33476]","[-0.20399999999999999, -0.044000000000000039, 33509]","[-0.20399999999999999, -0.048000000000000043, 33542]","[-0.20399999999999999, -0.048000000000000043, 33575]","[-0.20399999999999999, -0.048000000000000043, 33609]","[-0.20399999999999999, -0.048000000000000043, 33642]","[-0.20399999999999999, -0.048000000000000043, 33675]","[-0.20399999999999999, -0.048000000000000043, 33709]","[-0.20399999999999999, -0.048000000000000043, 33742]","[-0.20399999999999999, -0.048000000000000043, 33775]","[-0.20399999999999999, -0.048000000000000043, 33808]","[-0.20399999999999999, -0.048000000000000043, 33841]","[-0.20399999999999999, -0.048000000000000043, 33875]","[-0.20399999999999999, -0.048000000000000043, 33908]"
"[-0.192, 0.024000000000000021, 34257]","[-0.192, 0.024000000000000021, 34375]","[-0.192, 0.024000000000000021, 34391]","[-0.192, 0.024000000000000021, 34407]","[-0.192, 0.024000000000000021, 34423]","[-0.192, 0.032000000000000028, 34441]","[-0.192, 0.032000000000000028, 34457]","[-0.192, 0.032000000000000028, 34474]","[-0.192, 0.032000000000000028, 34490]","[-0.19600000000000001, 0.032000000000000028, 34508]","[-0.19600000000000001, 0.032000000000000028, 34524]","[-0.19600000000000001, 0.032000000000000028, 34541]","[-0.19600000000000001, 0.032000000000000028, 34557]","[-0.19600000000000001, 0.032000000000000028, 34573]"
"[-0.184, 0.05600000000000005, 34874]","[-0.184, 0.05600000000000005, 35008]","[-0.184, 0.05600000000000005, 35023]","[-0.184, 0.05600000000000005, 35041]","[-0.192, 0.05600000000000005, 35058]","[-0.19600000000000001, 0.048000000000000043, 35074]","[-0.20399999999999999, 0.040000000000000036, 35091]","[-0.21199999999999999, 0.032000000000000028, 35108]","[-0.216, 0.028000000000000025, 35124]","[-0.216, 0.028000000000000025, 35141]","[-0.216, 0.024000000000000021, 35157]","[-0.22, 0.024000000000000021, 35174]","[-0.224, 0.020000000000000018, 35190]","[-0.224, 0.016000000000000014, 35208]","[-0.22800000000000001, 0.012000000000000011, 35224]","[-0.22800000000000001, 0.012000000000000011, 35241]","[-0.22800000000000001, 0.012000000000000011, 35257]","[-0.23200000000000001, 0.012000000000000011, 35275]","[-0.23599999999999999, 0.0040000000000000036, 35291]","[-0.23599999999999999, 0.0040000000000000036, 35307]","[-0.23999999999999999, 0.0, 35341]","[-0.23999999999999999, 0.0, 35374]","[-0.23999999999999999, -0.0040000000000000036, 35407]","[-0.24399999999999999, -0.012000000000000011, 35440]","[-0.24399999999999999, -0.012000000000000011, 35474]","[-0.24399999999999999, -0.020000000000000018, 35491]","[-0.24399999999999999, -0.024000000000000021, 35508]","[-0.24399999999999999, -0.028000000000000025, 35525]","[-0.24399999999999999, -0.032000000000000028, 35558]","[-0.24399999999999999, -0.036000000000000032, 35590]","[-0.24399999999999999, -0.048000000000000043, 35624]","[-0.24399999999999999, -0.052000000000000046, 35658]","[-0.24399999999999999, -0.052000000000000046, 35691]","[-0.23999999999999999, -0.060000000000000053, 35724]","[-0.23599999999999999, -0.064000000000000057, 35757]","[-0.23599999999999999, -0.076000000000000068, 35791]","[-0.23200000000000001, -0.084000000000000075, 35825]","[-0.23200000000000001, -0.088000000000000078, 35857]","[-0.23200000000000001, -0.088000000000000078, 35891]","[-0.23200000000000001, -0.088000000000000078, 35924]","[-0.23200000000000001, -0.088000000000000078, 35958]","[-0.23200000000000001, -0.080000000000000071, 35991]","[-0.23200000000000001, -0.080000000000000071, 36024]","[-0.224, -0.076000000000000068, 36058]","[-0.216, -0.06800000000000006, 36091]","[-0.21199999999999999, -0.06800000000000006, 36124]","[-0.20399999999999999, -0.06800000000000006, 36158]","[-0.20000000000000001, -0.064000000000000057, 36191]","[-0.19600000000000001, -0.064000000000000057, 36224]","[-0.19600000000000001, -0.064000000000000057, 36258]","[-0.19600000000000001, -0.064000000000000057, 36291]","[-0.20000000000000001, -0.064000000000000057, 36324]","[-0.20799999999999999, -0.064000000000000057, 36357]","[-0.20799999999999999, -0.064000000000000057, 36390]","[-0.22, -0.064000000000000057, 36425]","[-0.224, -0.06800000000000006, 36458]","[-0.224, -0.048000000000000043, 36491]","[-0.216, -0.020000000000000018, 36524]","[-0.216, -0.016000000000000014, 36558]","[-0.216, -0.016000000000000014, 36591]","[-0.216, -0.024000000000000021, 36625]","[-0.216, -0.032000000000000028, 36658]","[-0.216, -0.032000000000000028, 36691]","[-0.216, -0.032000000000000028, 36725]","[-0.21199999999999999, -0.0080000000000000071, 36758]","[-0.21199999999999999, 0.016000000000000014, 36792]","[-0.21199999999999999, 0.0040000000000000036, 36825]","[-0.216, -0.024000000000000021, 36858]","[-0.216, -0.028000000000000025, 36891]","[-0.21199999999999999, -0.036000000000000032, 36924]","[-0.20399999999999999, -0.036000000000000032, 36957]","[-0.20000000000000001, -0.0080000000000000071, 36991]","[-0.20000000000000001, -0.0080000000000000071, 37025]","[-0.20000000000000001, -0.028000000000000025, 37058]","[-0.20000000000000001, -0.028000000000000025, 37091]","[-0.20000000000000001, -0.028000000000000025, 37125]","[-0.20000000000000001, -0.028000000000000025, 37157]","[-0.20000000000000001, -0.028000000000000025, 37191]","[-0.20000000000000001, -0.028000000000000025, 37224]","[-0.20000000000000001, -0.032000000000000028, 37258]"
"[-0.17599999999999999, -0.15599999999999992, 39708]","[-0.17199999999999999, -0.15599999999999992, 39841]","[-0.17199999999999999, -0.15199999999999991, 39859]","[-0.17199999999999999, -0.14399999999999991, 39875]","[-0.17199999999999999, -0.1399999999999999, 39891]","[-0.17199999999999999, -0.1359999999999999, 39908]","[-0.17199999999999999, -0.1359999999999999, 39925]","[-0.17599999999999999, -0.1319999999999999, 39941]","[-0.17599999999999999, -0.12799999999999989, 39959]","[-0.17599999999999999, -0.12400000000000011, 39975]","[-0.17999999999999999, -0.12000000000000011, 39991]","[-0.17999999999999999, -0.1120000000000001, 40008]","[-0.184, -0.1120000000000001, 40025]","[-0.184, -0.1080000000000001, 40041]","[-0.188, -0.1080000000000001, 40059]","[-0.188, -0.10400000000000009, 40075]","[-0.188, -0.10400000000000009, 40092]","[-0.188, -0.10000000000000009, 40108]","[-0.192, -0.10000000000000009, 40124]","[-0.19600000000000001, -0.10000000000000009, 40141]","[-0.20000000000000001, -0.10000000000000009, 40158]","[-0.20399999999999999, -0.096000000000000085, 40175]","[-0.20399999999999999, -0.096000000000000085, 40192]","[-0.20399999999999999, -0.096000000000000085, 40209]","[-0.20399999999999999, -0.096000000000000085, 40242]","[-0.20799999999999999, -0.096000000000000085, 40275]","[-0.21199999999999999, -0.096000000000000085, 40308]","[-0.216, -0.096000000000000085, 40341]","[-0.224, -0.096000000000000085, 40375]","[-0.22800000000000001, -0.096000000000000085, 40408]","[-0.22800000000000001, -0.096000000000000085, 40441]","[-0.23599999999999999, -0.10000000000000009, 40475]","[-0.23999999999999999, -0.10400000000000009, 40508]","[-0.23999999999999999, -0.10400000000000009, 40542]","[-0.23999999999999999, -0.10400000000000009, 40575]","[-0.23999999999999999, -0.10400000000000009, 40608]","[-0.23999999999999999, -0.10400000000000009, 40641]","[-0.23999999999999999, -0.10400000000000009, 40675]","[-0.23999999999999999, -0.10400000000000009, 40709]","[-0.23999999999999999, -0.10400000000000009, 40742]","[-0.23999999999999999, -0.10400000000000009, 40775]","[-0.23999999999999999, -0.10400000000000009, 40808]","[-0.23999999999999999, -0.10400000000000009, 40842]","[-0.23999999999999999, -0.10400000000000009, 40875]","[-0.23999999999999999, -0.10400000000000009, 40908]","[-0.23999999999999999, -0.10000000000000009, 40941]","[-0.23999999999999999, -0.092000000000000082, 40975]","[-0.24399999999999999, -0.084000000000000075, 41009]","[-0.24399999999999999, -0.06800000000000006, 41042]","[-0.24399999999999999, -0.05600000000000005, 41075]","[-0.248, -0.052000000000000046, 41108]","[-0.248, -0.044000000000000039, 41142]","[-0.248, -0.036000000000000032, 41175]","[-0.252, -0.032000000000000028, 41209]","[-0.252, -0.028000000000000025, 41242]","[-0.252, -0.028000000000000025, 41275]","[-0.252, -0.020000000000000018, 41309]","[-0.252, -0.016000000000000014, 41342]","[-0.252, -0.0080000000000000071, 41375]","[-0.252, -0.0080000000000000071, 41408]","[-0.252, -0.0040000000000000036, 41442]","[-0.248, 0.0, 41475]","[-0.248, 0.0, 41508]"
"[-0.02, 0.21999999999999997, 45822]"
"[-0.024, 0.21599999999999997, 46055]","[-0.024, 0.21599999999999997, 46206]","[-0.024, 0.21599999999999997, 46223]","[-0.064000000000000001, 0.20399999999999996, 46238]","[-0.071999999999999995, 0.19599999999999995, 46256]","[-0.080000000000000002, 0.19199999999999995, 46272]","[-0.087999999999999995, 0.18799999999999994, 46289]","[-0.096000000000000002, 0.18400000000000005, 46305]","[-0.108, 0.17600000000000005, 46321]","[-0.11600000000000001, 0.17200000000000004, 46339]","[-0.12, 0.16400000000000003, 46356]","[-0.128, 0.16000000000000003, 46373]","[-0.128, 0.15600000000000003, 46389]","[-0.13200000000000001, 0.15200000000000002, 46405]","[-0.14000000000000001, 0.14800000000000002, 46422]","[-0.14799999999999999, 0.13600000000000001, 46439]","[-0.152, 0.13200000000000001, 46456]","[-0.152, 0.128, 46471]","[-0.152, 0.124, 46489]","[-0.156, 0.12, 46505]","[-0.16, 0.11599999999999999, 46522]","[-0.16, 0.11199999999999999, 46539]","[-0.16, 0.11199999999999999, 46556]","[-0.16, 0.11199999999999999, 46572]","[-0.16, 0.11199999999999999, 46588]","[-0.16, 0.11199999999999999, 46606]","[-0.16, 0.11199999999999999, 46622]","[-0.16, 0.11199999999999999, 46638]","[-0.16, 0.11199999999999999, 46655]"
"[-0.059999999999999998, 0.19999999999999996, 47089]","[-0.096000000000000002, 0.16800000000000004, 47239]","[-0.10000000000000001, 0.16400000000000003, 47255]","[-0.104, 0.15600000000000003, 47272]","[-0.112, 0.14800000000000002, 47289]","[-0.112, 0.14400000000000002, 47306]","[-0.11600000000000001, 0.14400000000000002, 47322]","[-0.11600000000000001, 0.14000000000000001, 47339]","[-0.11600000000000001, 0.14000000000000001, 47356]","[-0.12, 0.13600000000000001, 47373]","[-0.12, 0.13200000000000001, 47389]","[-0.12, 0.128, 47406]","[-0.124, 0.124, 47423]","[-0.124, 0.12, 47439]","[-0.128, 0.12, 47456]","[-0.128, 0.11599999999999999, 47472]","[-0.13200000000000001, 0.11599999999999999, 47489]","[-0.13200000000000001, 0.11599999999999999, 47505]","[-0.13200000000000001, 0.11199999999999999, 47522]","[-0.13200000000000001, 0.11199999999999999, 47539]","[-0.13200000000000001, 0.10799999999999998, 47556]","[-0.13600000000000001, 0.10799999999999998, 47572]","[-0.13600000000000001, 0.10399999999999998, 47589]","[-0.13600000000000001, 0.10399999999999998, 47605]","[-0.14000000000000001, 0.10399999999999998, 47623]","[-0.14000000000000001, 0.099999999999999978, 47639]","[-0.14000000000000001, 0.095999999999999974, 47656]","[-0.14399999999999999, 0.091999999999999971, 47689]","[-0.14399999999999999, 0.083999999999999964, 47722]","[-0.14799999999999999, 0.075999999999999956, 47755]","[-0.14799999999999999, 0.063999999999999946, 47789]","[-0.152, 0.060000000000000053, 47806]","[-0.152, 0.060000000000000053, 47822]","[-0.152, 0.052000000000000046, 47839]","[-0.152, 0.048000000000000043, 47872]","[-0.156, 0.036000000000000032, 47906]","[-0.156, 0.032000000000000028, 47940]","[-0.156, 0.016000000000000014, 47972]","[-0.16, 0.0080000000000000071, 48005]","[-0.16, 0.0, 48039]","[-0.16400000000000001, -0.016000000000000014, 48072]","[-0.16400000000000001, -0.024000000000000021, 48106]","[-0.16400000000000001, -0.032000000000000028, 48139]","[-0.16400000000000001, -0.040000000000000036, 48173]","[-0.16400000000000001, -0.05600000000000005, 48205]","[-0.16800000000000001, -0.06800000000000006, 48239]","[-0.16800000000000001, -0.080000000000000071, 48272]","[-0.16800000000000001, -0.084000000000000075, 48306]","[-0.16800000000000001, -0.092000000000000082, 48339]","[-0.16800000000000001, -0.096000000000000085, 48372]","[-0.16800000000000001, -0.10400000000000009, 48406]","[-0.16800000000000001, -0.1120000000000001, 48439]","[-0.16800000000000001, -0.1160000000000001, 48473]","[-0.16800000000000001, -0.1160000000000001, 48506]","[-0.16800000000000001, -0.1160000000000001, 48538]","[-0.16800000000000001, -0.1160000000000001, 48573]"
"[-0.016, 0.20399999999999996, 53787]","[-0.035999999999999997, 0.19999999999999996, 53936]","[-0.035999999999999997, 0.19999999999999996, 53953]","[-0.035999999999999997, 0.19999999999999996, 53969]","[-0.035999999999999997, 0.19999999999999996, 53986]","[-0.035999999999999997, 0.19999999999999996, 54003]","[-0.032000000000000001, 0.19999999999999996, 54019]","[-0.028000000000000001, 0.19999999999999996, 54035]","[-0.02, 0.20399999999999996, 54053]","[-0.012, 0.20799999999999996, 54070]","[-0.0040000000000000001, 0.21199999999999997, 54087]","[-0.0040000000000000001, 0.21199999999999997, 54102]","[0.0, 0.21199999999999997, 54119]","[0.0040000000000000001, 0.21199999999999997, 54136]","[0.016, 0.21199999999999997, 54153]","[0.02, 0.21199999999999997, 54169]","[0.028000000000000001, 0.21199999999999997, 54186]","[0.028000000000000001, 0.21199999999999997, 54203]","[0.028000000000000001, 0.21199999999999997, 54220]","[0.032000000000000001, 0.21199999999999997, 54236]","[0.035999999999999997, 0.21199999999999997, 54253]","[0.040000000000000001, 0.21199999999999997, 54269]","[0.043999999999999997, 0.21199999999999997, 54285]","[0.043999999999999997, 0.21199999999999997, 54302]","[0.048000000000000001, 0.21199999999999997, 54319]","[0.051999999999999998, 0.21199999999999997, 54352]","[0.056000000000000001, 0.20799999999999996, 54387]","[0.059999999999999998, 0.20799999999999996, 54419]","[0.059999999999999998, 0.20399999999999996, 54453]","[0.064000000000000001, 0.20399999999999996, 54486]","[0.064000000000000001, 0.20399999999999996, 54520]","[0.064000000000000001, 0.19999999999999996, 54554]","[0.071999999999999995, 0.19599999999999995, 54586]","[0.075999999999999998, 0.19199999999999995, 54620]","[0.075999999999999998, 0.19199999999999995, 54653]","[0.075999999999999998, 0.19199999999999995, 54686]","[0.075999999999999998, 0.19199999999999995, 54719]"
"[0.051999999999999998, 0.18400000000000005, 54970]","[0.051999999999999998, 0.18400000000000005, 55137]","[0.051999999999999998, 0.18400000000000005, 55153]","[0.051999999999999998, 0.18400000000000005, 55170]","[0.051999999999999998, 0.18400000000000005, 55186]","[0.043999999999999997, 0.18799999999999994, 55203]","[0.035999999999999997, 0.19199999999999995, 55219]","[0.032000000000000001, 0.19199999999999995, 55237]","[0.028000000000000001, 0.19599999999999995, 55252]","[0.02, 0.19599999999999995, 55269]","[0.012, 0.19599999999999995, 55287]","[0.0040000000000000001, 0.19599999999999995, 55303]","[0.0, 0.19599999999999995, 55320]","[-0.0080000000000000002, 0.19599999999999995, 55336]","[-0.016, 0.19599999999999995, 55353]","[-0.024, 0.19599999999999995, 55370]","[-0.028000000000000001, 0.19599999999999995, 55387]","[-0.032000000000000001, 0.19599999999999995, 55403]","[-0.035999999999999997, 0.19599999999999995, 55436]","[-0.048000000000000001, 0.19199999999999995, 55469]","[-0.059999999999999998, 0.18799999999999994, 55487]","[-0.059999999999999998, 0.18799999999999994, 55503]","[-0.064000000000000001, 0.18400000000000005, 55519]","[-0.068000000000000005, 0.18400000000000005, 55537]","[-0.071999999999999995, 0.18000000000000005, 55553]","[-0.071999999999999995, 0.18000000000000005, 55570]","[-0.075999999999999998, 0.17600000000000005, 55586]","[-0.075999999999999998, 0.17600000000000005, 55603]","[-0.075999999999999998, 0.17600000000000005, 55637]","[-0.080000000000000002, 0.17200000000000004, 55669]","[-0.084000000000000005, 0.16800000000000004, 55686]","[-0.084000000000000005, 0.16800000000000004, 55703]","[-0.084000000000000005, 0.16800000000000004, 55720]","[-0.084000000000000005, 0.16800000000000004, 55737]","[-0.084000000000000005, 0.16800000000000004, 55753]","[-0.084000000000000005, 0.16800000000000004, 55770]","[-0.084000000000000005, 0.16800000000000004, 55786]","[-0.084000000000000005, 0.16800000000000004, 55803]","[-0.084000000000000005, 0.16800000000000004, 55836]","[-0.068000000000000005, 0.17200000000000004, 55870]","[-0.056000000000000001, 0.17200000000000004, 55903]","[-0.035999999999999997, 0.18000000000000005, 55937]","[-0.028000000000000001, 0.18000000000000005, 55970]","[-0.016, 0.18000000000000005, 56004]","[0.0, 0.18000000000000005, 56036]","[0.0040000000000000001, 0.18000000000000005, 56070]","[0.016, 0.17600000000000005, 56103]","[0.02, 0.17600000000000005, 56136]","[0.028000000000000001, 0.17200000000000004, 56169]","[0.035999999999999997, 0.17200000000000004, 56204]","[0.035999999999999997, 0.16800000000000004, 56237]","[0.040000000000000001, 0.16400000000000003, 56269]","[0.048000000000000001, 0.16400000000000003, 56303]","[0.051999999999999998, 0.16000000000000003, 56337]","[0.071999999999999995, 0.15200000000000002, 56370]","[0.080000000000000002, 0.15200000000000002, 56403]","[0.080000000000000002, 0.14800000000000002, 56436]","[0.084000000000000005, 0.14800000000000002, 56470]","[0.087999999999999995, 0.14400000000000002, 56503]","[0.091999999999999998, 0.14000000000000001, 56536]","[0.096000000000000002, 0.13600000000000001, 56570]","[0.096000000000000002, 0.13600000000000001, 56603]","[0.10000000000000001, 0.13200000000000001, 56637]","[0.108, 0.128, 56669]","[0.108, 0.124, 56703]","[0.112, 0.12, 56736]","[0.11600000000000001, 0.11599999999999999, 56770]","[0.11600000000000001, 0.11599999999999999, 56804]","[0.11600000000000001, 0.11199999999999999, 56836]","[0.12, 0.10399999999999998, 56869]","[0.12, 0.099999999999999978, 56903]","[0.12, 0.099999999999999978, 56936]","[0.11600000000000001, 0.10399999999999998, 56970]","[0.10000000000000001, 0.12, 57003]","[0.087999999999999995, 0.13200000000000001, 57037]","[0.071999999999999995, 0.14800000000000002, 57069]","[0.071999999999999995, 0.15200000000000002, 57103]","[0.064000000000000001, 0.15600000000000003, 57136]","[0.056000000000000001, 0.16400000000000003, 57170]","[0.056000000000000001, 0.17200000000000004, 57203]","[0.048000000000000001, 0.18799999999999994, 57387]","[0.048000000000000001, 0.18400000000000005, 57420]","[0.064000000000000001, 0.18000000000000005, 57453]","[0.075999999999999998, 0.16800000000000004, 57487]","[0.087999999999999995, 0.16000000000000003, 57520]","[0.091999999999999998, 0.15600000000000003, 57554]","[0.096000000000000002, 0.14800000000000002, 57587]","[0.10000000000000001, 0.14400000000000002, 57620]","[0.10000000000000001, 0.14400000000000002, 57654]","[0.10000000000000001, 0.14000000000000001, 57686]","[0.10000000000000001, 0.14000000000000001, 57720]","[0.10000000000000001, 0.14000000000000001, 57754]","[0.087999999999999995, 0.14400000000000002, 57787]","[0.080000000000000002, 0.14800000000000002, 57820]","[0.080000000000000002, 0.14800000000000002, 57853]","[0.080000000000000002, 0.14800000000000002, 57886]","[0.080000000000000002, 0.14800000000000002, 57919]","[0.080000000000000002, 0.14800000000000002, 57953]"
"[0.087999999999999995, 0.14000000000000001, 60521]","[0.084000000000000005, 0.14800000000000002, 60704]","[0.084000000000000005, 0.14800000000000002, 60721]","[0.084000000000000005, 0.14800000000000002, 60737]","[0.084000000000000005, 0.14800000000000002, 60754]","[0.084000000000000005, 0.14800000000000002, 60771]","[0.087999999999999995, 0.14800000000000002, 60787]","[0.096000000000000002, 0.14000000000000001, 60804]","[0.10000000000000001, 0.13200000000000001, 60820]","[0.108, 0.128, 60837]","[0.112, 0.124, 60853]","[0.11600000000000001, 0.11599999999999999, 60870]","[0.12, 0.11199999999999999, 60887]","[0.124, 0.10399999999999998, 60904]","[0.124, 0.099999999999999978, 60921]","[0.128, 0.095999999999999974, 60937]","[0.128, 0.091999999999999971, 60954]","[0.128, 0.091999999999999971, 60971]","[0.128, 0.091999999999999971, 60987]","[0.128, 0.087999999999999967, 61003]","[0.128, 0.083999999999999964, 61021]","[0.128, 0.075999999999999956, 61038]","[0.128, 0.067999999999999949, 61071]","[0.128, 0.067999999999999949, 61104]","[0.124, 0.075999999999999956, 61120]","[0.12, 0.087999999999999967, 61137]","[0.112, 0.095999999999999974, 61154]","[0.104, 0.099999999999999978, 61171]","[0.10000000000000001, 0.099999999999999978, 61187]","[0.10000000000000001, 0.10399999999999998, 61204]","[0.10000000000000001, 0.10799999999999998, 61221]","[0.10000000000000001, 0.11199999999999999, 61237]","[0.10000000000000001, 0.11199999999999999, 61254]","[0.096000000000000002, 0.11599999999999999, 61288]","[0.096000000000000002, 0.124, 61321]","[0.087999999999999995, 0.13600000000000001, 61354]","[0.084000000000000005, 0.13600000000000001, 61387]","[0.084000000000000005, 0.13600000000000001, 61421]","[0.091999999999999998, 0.124, 61453]","[0.10000000000000001, 0.10399999999999998, 61488]","[0.108, 0.067999999999999949, 61521]","[0.11600000000000001, 0.052000000000000046, 61554]","[0.11600000000000001, 0.040000000000000036, 61588]","[0.11600000000000001, 0.036000000000000032, 61621]","[0.11600000000000001, 0.036000000000000032, 61654]","[0.11600000000000001, 0.036000000000000032, 61687]","[0.112, 0.044000000000000039, 61721]","[0.104, 0.067999999999999949, 61754]","[0.091999999999999998, 0.083999999999999964, 61788]","[0.087999999999999995, 0.10399999999999998, 61821]","[0.087999999999999995, 0.11599999999999999, 61855]","[0.087999999999999995, 0.124, 61887]","[0.087999999999999995, 0.128, 61921]","[0.087999999999999995, 0.128, 61954]","[0.087999999999999995, 0.128, 61987]","[0.091999999999999998, 0.095999999999999974, 62020]","[0.091999999999999998, 0.063999999999999946, 62054]","[0.096000000000000002, 0.044000000000000039, 62088]","[0.096000000000000002, 0.020000000000000018, 62121]","[0.096000000000000002, 0.0080000000000000071, 62155]","[0.096000000000000002, 0.0040000000000000036, 62188]","[0.096000000000000002, -0.0080000000000000071, 62220]","[0.096000000000000002, -0.016000000000000014, 62255]","[0.096000000000000002, -0.024000000000000021, 62287]","[0.096000000000000002, -0.036000000000000032, 62321]","[0.091999999999999998, -0.048000000000000043, 62354]","[0.087999999999999995, -0.060000000000000053, 62387]","[0.087999999999999995, -0.072000000000000064, 62420]","[0.084000000000000005, -0.084000000000000075, 62455]","[0.084000000000000005, -0.096000000000000085, 62487]","[0.080000000000000002, -0.10000000000000009, 62520]","[0.080000000000000002, -0.10000000000000009, 62554]","[0.080000000000000002, -0.1080000000000001, 62587]","[0.075999999999999998, -0.1160000000000001, 62621]","[0.075999999999999998, -0.1160000000000001, 62654]","[0.075999999999999998, -0.12400000000000011, 62688]","[0.075999999999999998, -0.12400000000000011, 62720]","[0.075999999999999998, -0.12400000000000011, 62754]","[0.075999999999999998, -0.12400000000000011, 62787]","[0.075999999999999998, -0.12400000000000011, 62820]"
